Workbook

Sheet README
A1: Area | B1: Description | C1: How to Use
A2: Purpose | B2: Master SAM ELP workbook for IBM, Microsoft, and Oracle. | C2: Use as interview explanation aid and draft client ELP template.
A3: Method | B3: Consumption minus entitlement by publisher-specific metric. | C3: Populate input tabs, review formula outputs, then validate assumptions.
A4: Draft vs Final | B4: FNMS outputs are draft until health checks and cross-validation are complete. | C4: Use FNMS sheets for analyst review and Exec Summary for presentation.
A5: Reporting Date | B5: 2026-05-28 | C5: Update executive summary placeholders for client delivery.

Sheet Glossary
A1: Term | B1: Publisher | C1: Definition | D1: Interview Cue
A2: ELP | B2: All | C2: Effective License Position: entitlement minus consumption by product and metric. | D2: Always mention assumptions and evidence.
A3: PVU | B3: IBM | C3: Processor Value Unit; cores multiplied by IBM PVU/core rating. | D3: Sub-cap requires ILMT.
A4: VPC | B4: IBM | C4: Virtual Processor Core for Cloud Paks. | D4: Measured by IBM License Service.
A5: CAL | B5: Microsoft | C5: Client Access License for user/device access to server products. | D5: Not installed, must reconcile entitlement.
A6: NUP | B6: Oracle | C6: Named User Plus; actual users subject to processor minimums. | D6: Minimums can exceed actual users.
A7: ARL | B7: FNMS | C7: Application Recognition Library normalizes evidence into applications. | D7: Stale ARL lowers confidence.
A8: PURL | B8: FNMS | C8: Product Use Rights Library stores use rights logic. | D8: Stale PURL affects calculations.

Sheet Publisher_Comparison
A1: Dimension | B1: IBM | C1: Microsoft | D1: Oracle
A2: Primary risk | B2: PVU sub-capacity, ILMT health, S&S/version, edition mapping. | C2: SQL/Windows core logic, CALs, M365 assignment, AHB, true-up. | D2: VMware boundary, options/packs, Java employee, NUP minimums, ULA.
A3: Official entitlement source | B3: Passport Advantage / PoE / PAA. | C3: EA/VLSC/MLS/CSP/MCA/reseller records. | D3: Ordering documents / OMA / CSI / support / ULA.
A4: Tool caveat | B4: FNMS must be cross-checked with ILMT 90-day peak. | C4: FNMS must be cross-checked with admin portals and SQL evidence. | D4: FNMS must be cross-checked with DBA scripts and virtualization evidence.
A5: Executive view | B5: RAG by product plus exposure/opportunity. | C5: RAG by SKU/server/cloud benefit. | D5: RAG by DB/options/Java/virtualization scenario.

Sheet Risk_Status_Legend
A1: Status | B1: Meaning | C1: Action
A2: GREEN | B2: Compliant or surplus. | C2: Retain evidence and consider optimization.
A3: AMBER | B3: Quantity may be okay but evidence, version, S&S, or data confidence issue exists. | C3: Resolve assumptions before final report.
A4: RED | B4: Consumption exceeds entitlement or unlicensed feature/use exists. | C4: Quantify exposure and remediation.

Sheet Stakeholder_Data_Request_Matrix
A1: Publisher | B1: Data Request | C1: Owner | D1: Manual Source | E1: Expected Format | F1: Validation
A2: IBM | B2: Physical server CPU and VM mapping | C2: Infrastructure / Virtualization | D2: lscpu, dmidecode, vCenter, HMC | E2: CSV/XLSX | F2: Matches ILMT/FNMS host records
A3: IBM | B3: Passport Advantage entitlement export | C3: Procurement / SAM | D3: PA portal / PoE | E3: XLSX/PDF | F3: Part number, metric, quantity, S&S
A4: Microsoft | B4: M365 license and activity export | C4: M365 Admin | D4: Admin center / Graph | E4: CSV | F4: Active user and HR match
A5: Microsoft | B5: SQL inventory and edition | C5: DBA / Platform | D5: SQL query exports | E5: CSV | F5: Edition/environment confirmed
A6: Oracle | B6: DB options usage | C6: DBA | D6: DBA_FEATURE_USAGE_STATISTICS | E6: CSV | F6: Feature usage dates reviewed
A7: Oracle | B7: VMware cluster boundary | C7: Virtualization | D7: vCenter export | E7: CSV/diagram | F7: Cluster/vCenter/affinity clear

Sheet Formula_Logic_Reference
A1: Publisher | B1: Use Case | C1: Formula | D1: Notes
A2: IBM | B2: Full Capacity PVU | C2: =Sockets*Cores_per_CPU*PVU_per_Core | D2: Use when bare metal or ILMT sub-cap not defensible.
A3: IBM | B3: Sub-Capacity PVU | C3: =vCPU*PVU_per_Core | D3: Requires healthy ILMT.
A4: Microsoft | B4: Windows Server core | C4: =MAX(16,Physical_Cores)*Standard_Stack_Count | D4: Standard stack depends on VM count.
A5: Microsoft | B5: SQL VM core | C5: =MAX(4,vCPU) | D5: Per VM minimum 4 cores.
A6: Oracle | B6: Processor | C6: =Physical_Cores*Core_Factor | D6: Licensing boundary may expand with virtualization.
A7: Oracle | B7: NUP | C7: =MAX(Actual_Users,Processor_Licenses*NUP_Minimum) | D7: Minimum can exceed actual users.

Sheet Status_Lookups
A1: Status | B1: Color | C1: Definition | D1: Action
A2: GREEN | B2: Green | C2: Compliant or surplus | D2: Retain evidence / optimize
A3: AMBER | B3: Amber | C3: Evidence/version/control risk | D3: Validate before final
A4: RED | B4: Red | C4: Under-licensed or unlicensed use | D4: Remediate / true-up

Sheet IBM_Hardware_Inventory
A1: Server | B1: Environment | C1: Hypervisor | D1: Cluster | E1: CPU Model | F1: Sockets | G1: Cores/CPU | H1: Total Cores | I1: PVU/Core | J1: Full Capacity PVU | K1: VM Name | L1: vCPU | M1: Sub-Cap PVU | N1: ILMT Covered | O1: Notes
A2: WAS-HOST-01 | B2: Prod | C2: VMware | D2: CL-IBM-01 | E2: Intel Xeon Gold 6248R | F2: 2 | G2: 24 | H2: =F2*G2 | I2: 70 | J2: =H2*I2 | K2: WAS-PROD-01 | L2: 8 | M2: =L2*I2 | N2: Yes | O2: Sub-cap eligible if ILMT healthy
A3: MQ-HOST-01 | B3: Prod | C3: VMware | D3: CL-IBM-01 | E3: Intel Xeon Platinum 8268 | F3: 2 | G3: 24 | H3: =F3*G3 | I3: 70 | J3: =H3*I3 | K3: MQ-PROD-01 | L3: 8 | M3: =L3*I3 | N3: Yes | O3: Validate 90-day peak
A4: P9-HOST-01 | B4: Prod | C4: PowerVM | D4: P9-Frame-A | E4: IBM POWER9 | F4: 1 | G4: 12 | H4: =F4*G4 | I4: 120 | J4: =H4*I4 | K4: DB2-PROD | L4: 4 | M4: =L4*I4 | N4: Yes | O4: POWER PVU higher than Intel
A5: WAS-HOST-DR | B5: DR | C5: VMware | D5: CL-IBM-DR | E5: Intel Xeon Gold 6248R | F5: 2 | G5: 24 | H5: =F5*G5 | I5: 70 | J5: =H5*I5 | K5: WAS-DR-01 | L5: 4 | M5: =L5*I5 | N5: No | O5: Use full-cap fallback until ILMT fixed

Sheet IBM_Software_Deployment
A1: Server | B1: Product | C1: Edition | D1: Version | E1: Metric | F1: Install Path | G1: Evidence Source | H1: IIM installed.xml Found | I1: ILMT Signature | J1: Environment | K1: Owner | L1: Review Notes
A2: WAS-PROD-01 | B2: WebSphere Application Server | C2: Network Deployment | D2: 9.0.5.14 | E2: PVU | F2: /opt/IBM/WebSphere | G2: IIM installed.xml | H2: Yes | I2: Matched | J2: Prod | K2: Middleware | L2: Edition validated
A3: MQ-PROD-01 | B3: IBM MQ | C3: Advanced | D3: 9.2 | E3: PVU | F3: /opt/mqm | G3: ILMT + package | H3: No | I3: Matched | J3: Prod | K3: Integration | L3: Advanced features active
A4: DB2-PROD | B4: Db2 | C4: Enterprise Server Edition | D4: 11.5 | E4: PVU | F4: /db2inst1 | G4: IIM installed.xml | H4: Yes | I4: Matched | J4: Prod | K4: DBA | L4: S&S version check required
A5: COGNOS-01 | B5: Cognos Analytics | C5: Enterprise | D5: 11.2 | E5: AU | F5: /opt/ibm/cognos | G5: App owner export | H5: Yes | I5: Matched | J5: Prod | K5: Analytics | L5: Named user export loaded

Sheet IBM_Entitlements
A1: Product | B1: Edition | C1: Metric | D1: Quantity | E1: PA Site ID | F1: PoE / Order | G1: Part Number | H1: S&S Start | I1: S&S End | J1: Version Right Through | K1: Source | L1: Notes
A2: WebSphere Application Server | B2: Network Deployment | C2: PVU | D2: 2000 | E2: PA-12345 | F2: POE-WAS-2023 | G2: D0ABCZX | H2: 2025-01-01 | I2: 2026-12-31 | J2: 9.0.5 | K2: Passport Advantage | L2: Official entitlement
A3: IBM MQ | B3: Advanced | C3: PVU | D3: 1000 | E3: PA-12345 | F3: POE-MQ-2024 | G3: D0MQADV | H3: 2025-01-01 | I3: 2026-12-31 | J3: 9.3 | K3: Passport Advantage | L3: Surplus
A4: Db2 | B4: Enterprise Server Edition | C4: PVU | D4: 1200 | E4: PA-12345 | F4: POE-DB2-2020 | G4: D0DB2ESE | H4: 2020-01-01 | I4: 2022-12-31 | J4: 11.1 | K4: Passport Advantage | L4: S&S lapsed
A5: Cognos Analytics | B5: Enterprise | C5: AU | D5: 300 | E5: PA-12345 | F5: POE-COG-2024 | G5: D0COGAU | H5: 2025-01-01 | I5: 2026-12-31 | J5: 11.2 | K5: Passport Advantage | L5: Named users
A6: SPSS Statistics | B6: Concurrent | C6: Concurrent | D6: 25 | E6: PA-12345 | F6: POE-SPSS-2024 | G6: D0SPSSCU | H6: 2025-01-01 | I6: 2026-12-31 | J6: 29 | K6: Passport Advantage | L6: License server

Sheet IBM_ELP_Reconciliation
A1: Product | B1: Edition | C1: Metric | D1: Consumption Basis | E1: Consumed Qty | F1: Entitled Qty | G1: Position | H1: Status | I1: Version Compliance | J1: S&S Flag | K1: ILMT / ILS Evidence | L1: Exposure Estimate | M1: Opportunity Estimate | N1: Action Required | O1: Narrative
A2: WebSphere Application Server | B2: Network Deployment | C2: PVU | D2: Full-cap fallback due to DR ILMT gap | E2: 3360 | F2: 2000 | G2: =F2-E2 | H2: =IF(G2<0,"RED",IF(OR(I2<>"OK",J2<>"Current",K2="Missing"),"AMBER","GREEN")) | I2: OK | J2: Current | K2: Partial | L2: =IF(G2<0,ABS(G2)*250,0) | M2: =IF(G2>0,G2*125,0) | N2: Fix ILMT and validate sub-cap | O2: Under-licensed exposure until sub-cap evidence is defensible
A3: IBM MQ | B3: Advanced | C3: PVU | D3: 8 vCPU x 70 | E3: 560 | F3: 1000 | G3: =F3-E3 | H3: =IF(G3<0,"RED",IF(OR(I3<>"OK",J3<>"Current",K3="Missing"),"AMBER","GREEN")) | I3: OK | J3: Current | K3: Present | L3: =IF(G3<0,ABS(G3)*220,0) | M3: =IF(G3>0,G3*110,0) | N3: Optimization review | O3: Surplus opportunity
A4: Db2 | B4: Enterprise Server Edition | C4: PVU | D4: 10 LPAR cores x 120 | E4: 1200 | F4: 1200 | G4: =F4-E4 | H4: =IF(G4<0,"RED",IF(OR(I4<>"OK",J4<>"Current",K4="Missing"),"AMBER","GREEN")) | I4: Version risk | J4: Lapsed | K4: Present | L4: =IF(G4<0,ABS(G4)*300,0) | M4: =IF(G4>0,G4*150,0) | N4: Validate release date vs S&S | O4: Quantity aligned but S&S/version warning
A5: Cognos Analytics | B5: Enterprise | C5: AU | D5: Named active users | E5: 250 | F5: 300 | G5: =F5-E5 | H5: =IF(G5<0,"RED",IF(OR(I5<>"OK",J5<>"Current",K5="Missing"),"AMBER","GREEN")) | I5: OK | J5: Current | K5: N/A | L5: =IF(G5<0,ABS(G5)*1200,0) | M5: =IF(G5>0,G5*600,0) | N5: Reclaim inactive users | O5: AU surplus
A6: SPSS Statistics | B6: Concurrent | C6: Concurrent | D6: License server peak | E6: 25 | F6: 25 | G6: =F6-E6 | H6: =IF(G6<0,"RED",IF(OR(I6<>"OK",J6<>"Current",K6="Missing"),"AMBER","GREEN")) | I6: OK | J6: Current | K6: N/A | L6: =IF(G6<0,ABS(G6)*900,0) | M6: =IF(G6>0,G6*450,0) | N6: Retain peak evidence | O6: Compliant

Sheet IBM_Assumptions_Exceptions
A1: ID | B1: Area | C1: Assumption / Exception | D1: Impact | E1: Risk | F1: Owner | G1: Evidence | H1: Due Date | I1: Status
A2: IBM-A1 | B2: ILMT | C2: WAS-DR-01 missing ILMT coverage; full-cap fallback used. | D2: Increases consumed PVU | E2: High | F2: ILMT Admin | G2: FNMS device + no ILMT report | H2: 2026-06-15 | I2: Open
A3: IBM-A2 | B3: S&S | C3: Db2 deployed version may exceed S&S version right. | D3: Version compliance warning | E3: Medium | F3: Procurement | G3: PoE and release date | H3: 2026-06-10 | I3: Open

Sheet IBM_FNMS_ELP
A1: Source Device | B1: Discovered Software | C1: Recognized Application | D1: Product | E1: Edition | F1: Version | G1: Metric | H1: Evidence Source | I1: Inventory Source | J1: Connector Status | K1: Linked License | L1: Entitlement Quantity | M1: Consumed Quantity | N1: Position | O1: ARL/PURL Status | P1: Reconciliation Status | Q1: Review Notes | R1: Action Required
A2: WAS-PROD-01 | B2: IBM WebSphere ND 9.0 | C2: WebSphere Application Server Network Deployment | D2: WebSphere AS | E2: ND | F2: 9.0.5 | G2: IBM PVU sub-capacity | H2: IIM + ILMT | I2: FNMS + ILMT | J2: Healthy | K2: WAS ND PVU | L2: 2000 | M2: 3360 | N2: =L2-M2 | O2: Current | P2: Draft | Q2: ILMT gap on DR included full-cap fallback | R2: Validate ILMT
A3: MQ-PROD-01 | B3: IBM MQ Advanced | C3: IBM MQ Advanced | D3: MQ | E3: Advanced | F3: 9.2 | G3: IBM PVU sub-capacity | H3: ILMT | I3: FNMS + ILMT | J3: Healthy | K3: MQ Advanced PVU | L3: 1000 | M3: 560 | N3: =L3-M3 | O3: Current | P3: Review | Q3: Surplus | R3: Optimization

Sheet IBM_ILMT_Input
A1: Computer | B1: Product | C1: Metric | D1: PVU/Core | E1: Allocated Cores | F1: 90-Day Peak PVU | G1: Bundled/Charged | H1: Agent Status | I1: Last Scan | J1: Quarterly Snapshot | K1: Notes
A2: WAS-PROD-01 | B2: WebSphere AS ND | C2: PVU | D2: 70 | E2: 8 | F2: =D2*E2 | G2: Charged | H2: Reporting | I2: 2026-05-28 | J2: Archived | K2: Sub-cap eligible
A3: MQ-PROD-01 | B3: MQ Advanced | C3: PVU | D3: 70 | E3: 8 | F3: =D3*E3 | G3: Charged | H3: Reporting | I3: 2026-05-28 | J3: Archived | K3: Sub-cap eligible
A4: DB2-PROD | B4: Db2 ESE | C4: PVU | D4: 120 | E4: 10 | F4: =D4*E4 | G4: Charged | H4: Reporting | I4: 2026-05-28 | J4: Archived | K4: POWER LPAR

Sheet IBM_Exec_Summary
A1: Field | B1: Value | C1: Notes
A2: Client Name | B2: ACME Bank (placeholder) | C2: Replace for client delivery
A3: Reporting Date | B3: 2026-05-28 | C3: Point-in-time ELP
A4: Prepared By | B4: SAM Consultant | C4: Update owner
A5: Products In Scope | B5: See reconciliation sheet | C5: Publisher-specific scope
A6: Total RED Items | B6: =COUNTIF(IBM_ELP_Reconciliation!H:H,"RED") | C6: Exposure count
A7: Total AMBER Items | B7: =COUNTIF(IBM_ELP_Reconciliation!H:H,"AMBER") | C7: Control/evidence risk count
A8: Total GREEN Items | B8: =COUNTIF(IBM_ELP_Reconciliation!H:H,"GREEN") | C8: Compliant/surplus count
A9: Estimated Exposure | B9: =SUM(IBM_ELP_Reconciliation!L:L) | C9: Formula sum from reconciliation
A10: Estimated Optimization Opportunity | B10: =SUM(IBM_ELP_Reconciliation!M:M) | C10: Formula-driven where applicable
A11: Top 3 Risks | B11: 1. Evidence gap 2. Metric shortfall 3. Contract/version issue | C11: Customize
A12: Top 3 Opportunities | B12: 1. Reclaim surplus 2. Optimize metric 3. Improve governance | C12: Customize
A13: Methodology Notes | B13: Health check first, reconcile second; assumptions documented. | C13: Audit defensibility
A14: Next Actions | B14: Validate open assumptions, remediate RED, optimize GREEN surplus. | C14: 30/60/90 roadmap below
A15: 30-Day Roadmap | B15: Close data gaps and confirm entitlement sources.
A16: 60-Day Roadmap | B16: Remediate high-risk deployments and update tool configuration.
A17: 90-Day Roadmap | B17: Governance, recurring ELP refresh, renewal optimization.

Sheet IBM_PVU_Lookup
A1: Processor Family | B1: Example Model | C1: PVU/Core | D1: Notes
A2: Intel Xeon Gold | B2: 6248R | C2: 70 | D2: Illustrative; verify current IBM PVU table.
A3: Intel Xeon Platinum | B3: 8268 | C3: 70 | D3: Illustrative.
A4: AMD EPYC | B4: Rome/Milan | C4: 70 | D4: Illustrative.
A5: IBM POWER9 | B5: POWER9 | C5: 120 | D5: Higher PVU/core than Intel.
A6: IBM POWER10 | B6: POWER10 | C6: 120 | D6: Verify current table.
